Year,FirstWedMedianAgeMale,FirstWedMedianAgeFemale,United States Median Household Income in 1999 CPI-U-RS adjusted dollars,Alabama Median Household Income in 1999 CPI-U-RS adjusted dollars,Alaska Median Household Income in 1999 CPI-U-RS adjusted dollars,Arizona Median Household Income in 1999 CPI-U-RS adjusted dollars,Arkansas Median Household Income in 1999 CPI-U-RS adjusted dollars,California Median Household Income in 1999 CPI-U-RS adjusted dollars,Colorado Median Household Income in 1999 CPI-U-RS adjusted dollars,Connecticut Median Household Income in 1999 CPI-U-RS adjusted dollars,Delaware Median Household Income in 1999 CPI-U-RS adjusted dollars,D.C Median Household Income in 1999 CPI-U-RS adjusted dollars,Florida Median Household Income in 1999 CPI-U-RS adjusted dollars,Georgia Median Household Income in 1999 CPI-U-RS adjusted dollars,Hawaii Median Household Income in 1999 CPI-U-RS adjusted dollars,Idaho Median Household Income in 1999 CPI-U-RS adjusted dollars,Illinois Median Household Income in 1999 CPI-U-RS adjusted dollars,Indiana Median Household Income in 1999 CPI-U-RS adjusted dollars,Iowa Median Household Income in 1999 CPI-U-RS adjusted dollars,Kansas Median Household Income in 1999 CPI-U-RS adjusted dollars,Kentucky Median Household Income in 1999 CPI-U-RS adjusted dollars,Louisiana Median Household Income in 1999 CPI-U-RS adjusted dollars,Maine Median Household Income in 1999 CPI-U-RS adjusted dollars,Maryland Median Household Income in 1999 CPI-U-RS adjusted dollars,Massachusetts Median Household Income in 1999 CPI-U-RS adjusted dollars,Michigan Median Household Income in 1999 CPI-U-RS adjusted dollars,Minnesota Median Household Income in 1999 CPI-U-RS adjusted dollars,Mississippi Median Household Income in 1999 CPI-U-RS adjusted dollars,Missouri Median Household Income in 1999 CPI-U-RS adjusted dollars,Montana Median Household Income in 1999 CPI-U-RS adjusted dollars,Nebraska Median Household Income in 1999 CPI-U-RS adjusted dollars,Nevada Median Household Income in 1999 CPI-U-RS adjusted dollars,New Hampshire Median Household Income in 1999 CPI-U-RS adjusted dollars,New Jersey Median Household Income in 1999 CPI-U-RS adjusted dollars,New Mexico Median Household Income in 1999 CPI-U-RS adjusted dollars,New York Median Household Income in 1999 CPI-U-RS adjusted dollars,North Carolina Median Household Income in 1999 CPI-U-RS adjusted dollars,North Dakota Median Household Income in 1999 CPI-U-RS adjusted dollars,Ohio Median Household Income in 1999 CPI-U-RS adjusted dollars,Oklahoma Median Household Income in 1999 CPI-U-RS adjusted dollars,Oregon Median Household Income in 1999 CPI-U-RS adjusted dollars,Pennsylvania Median Household Income in 1999 CPI-U-RS adjusted dollars,Rhode Island Median Household Income in 1999 CPI-U-RS adjusted dollars,South Carolina Median Household Income in 1999 CPI-U-RS adjusted dollars,South Dakota Median Household Income in 1999 CPI-U-RS adjusted dollars,Tennessee Median Household Income in 1999 CPI-U-RS adjusted dollars,Texas Median Household Income in 1999 CPI-U-RS adjusted dollars,Utah Median Household Income in 1999 CPI-U-RS adjusted dollars,Vermont Median Household Income in 1999 CPI-U-RS adjusted dollars,Virginia Median Household Income in 1999 CPI-U-RS adjusted dollars,Washington Median Household Income in 1999 CPI-U-RS adjusted dollars,West Virginia Median Household Income in 1999 CPI-U-RS adjusted dollars,Wisconsin Median Household Income in 1999 CPI-U-RS adjusted dollars,Wyoming Median Household Income in 1999 CPI-U-RS adjusted dollars,Total Percent Married,Decrease in Percent Married,Percent Married Male,Decrease in Percent Married Male,Percent Married Female,Decrease in Percent Married Female,Percent Married White,Percent Married Black,Percent Married Asian,Percent Married Hispanic,Total Percent of People 25 Years and Over Who Have Completed High School or More,Percent of Males 25 Years and Over Who Have Completed High School or More,Percent of Females 25 Years and Over Who Have Completed High School or More,Percent of White People 25 Years and Over Who Have Completed High School or More,Percent of Black People 25 Years and Over Who Have Completed High School or More,Percent of Asian People 25 Years and Over Who Have Completed High School or More,Percent of Hispanic People 25 Years and Over Who Have Completed High School or More,Total Percent of People 25 Years and Over Who Have Completed College or More,Percent of Males 25 Years and Over Who Have Completed College or More,Percent of Females 25 Years and Over Who Have Completed College or More,Percent of White People 25 Years and Over Who Have Completed College or More,Percent of Black People 25 Years and Over Who Have Completed College or More,Percent of Asian People 25 Years and Over Who Have Completed College or More,Percent of Hispanic People 25 Years and Over Who Have Completed College or More,Economic Recessions,Duration (months),Time Since Previous Recession (months),Peak Unemployment,GDP Decline,Special Data Collection
2015,29.2,27.1,N/A,N/A,N/A,N/A,N/A,N/A,N/A,N/A,N/A,N/A,N/A,N/A,N/A,N/A,N/A,N/A,N/A,N/A,N/A,N/A,N/A,N/A,N/A,N/A,N/A,N/A,N/A,N/A,N/A,N/A,N/A,N/A,N/A,N/A,N/A,N/A,N/A,N/A,N/A,N/A,N/A,N/A,N/A,N/A,N/A,N/A,N/A,N/A,N/A,N/A,N/A,N/A,52.37,2.27,53.67,2.11,51.16,2.42,55.01,34.67,61.17,49.08,88.40,88.00,88.80,88.80,87.00,89.10,66.70,32.50,32.30,32.70,32.80,22.50,53.90,15.50,,NA,NA,,,
2014,29.3,27,N/A,N/A,N/A,N/A,N/A,N/A,N/A,N/A,N/A,N/A,N/A,N/A,N/A,N/A,N/A,N/A,N/A,N/A,N/A,N/A,N/A,N/A,N/A,N/A,N/A,N/A,N/A,N/A,N/A,N/A,N/A,N/A,N/A,N/A,N/A,N/A,N/A,N/A,N/A,N/A,N/A,N/A,N/A,N/A,N/A,N/A,N/A,N/A,N/A,N/A,N/A,N/A,52.57,,53.82,,51.38,,55.02,36.07,61.84,48.29,88.30,87.70,88.90,88.80,85.80,89.50,66.50,32.00,31.90,32.00,32.30,22.20,52.30,15.20,,NA,NA,,,s
2013,29,26.6,N/A,N/A,N/A,N/A,N/A,N/A,N/A,N/A,N/A,N/A,N/A,N/A,N/A,N/A,N/A,N/A,N/A,N/A,N/A,N/A,N/A,N/A,N/A,N/A,N/A,N/A,N/A,N/A,N/A,N/A,N/A,N/A,N/A,N/A,N/A,N/A,N/A,N/A,N/A,N/A,N/A,N/A,N/A,N/A,N/A,N/A,N/A,N/A,N/A,N/A,N/A,N/A,52.68,,53.99,,51.45,,55.18,36.27,61.30,49.32,88.20,87.60,88.60,88.60,85.10,90.10,66.20,31.70,32.00,31.40,32.00,21.80,53.20,15.10,,NA,NA,,,
2012,28.6,26.6,N/A,N/A,N/A,N/A,N/A,N/A,N/A,N/A,N/A,N/A,N/A,N/A,N/A,N/A,N/A,N/A,N/A,N/A,N/A,N/A,N/A,N/A,N/A,N/A,N/A,N/A,N/A,N/A,N/A,N/A,N/A,N/A,N/A,N/A,N/A,N/A,N/A,N/A,N/A,N/A,N/A,N/A,N/A,N/A,N/A,N/A,N/A,N/A,N/A,N/A,N/A,N/A,53.05,,54.46,,51.72,,55.57,36.08,61.98,49.20,87.60,87.30,88.00,88.10,85.00,88.90,65.00,30.90,31.40,30.60,31.30,21.20,51.00,14.50,,NA,NA,,,
2011,28.4,26.4,N/A,N/A,N/A,N/A,N/A,N/A,N/A,N/A,N/A,N/A,N/A,N/A,N/A,N/A,N/A,N/A,N/A,N/A,N/A,N/A,N/A,N/A,N/A,N/A,N/A,N/A,N/A,N/A,N/A,N/A,N/A,N/A,N/A,N/A,N/A,N/A,N/A,N/A,N/A,N/A,N/A,N/A,N/A,N/A,N/A,N/A,N/A,N/A,N/A,N/A,N/A,N/A,53.31,,54.77,,51.95,,55.91,35.96,60.83,49.46,87.60,87.10,88.00,88.10,84.50,88.60,64.30,30.40,30.80,30.10,31.00,19.90,50.30,14.10,,NA,NA,,,r
2010,28.2,26.1,N/A,N/A,N/A,N/A,N/A,N/A,N/A,N/A,N/A,N/A,N/A,N/A,N/A,N/A,N/A,N/A,N/A,N/A,N/A,N/A,N/A,N/A,N/A,N/A,N/A,N/A,N/A,N/A,N/A,N/A,N/A,N/A,N/A,N/A,N/A,N/A,N/A,N/A,N/A,N/A,N/A,N/A,N/A,N/A,N/A,N/A,N/A,N/A,N/A,N/A,N/A,N/A,53.59,2.93,54.83,3.25,52.43,2.63,56.05,36.09,62.76,50.12,87.10,86.60,87.60,87.60,84.20,88.90,62.90,29.90,30.30,29.60,30.30,19.80,52.40,13.90,,NA,NA,,,
2009,28.1,25.9,N/A,N/A,N/A,N/A,N/A,N/A,N/A,N/A,N/A,N/A,N/A,N/A,N/A,N/A,N/A,N/A,N/A,N/A,N/A,N/A,N/A,N/A,N/A,N/A,N/A,N/A,N/A,N/A,N/A,N/A,N/A,N/A,N/A,N/A,N/A,N/A,N/A,N/A,N/A,N/A,N/A,N/A,N/A,N/A,N/A,N/A,N/A,N/A,N/A,N/A,N/A,N/A,54.35,,55.58,,53.18,,56.69,37.38,63.88,52.17,86.70,86.20,87.10,87.10,84.10,88.20,61.90,29.50,30.10,29.10,29.90,19.30,52.30,13.20,Great Recession,18.00,73.00,0.10,0.05,
2008,27.6,25.9,N/A,N/A,N/A,N/A,N/A,N/A,N/A,N/A,N/A,N/A,N/A,N/A,N/A,N/A,N/A,N/A,N/A,N/A,N/A,N/A,N/A,N/A,N/A,N/A,N/A,N/A,N/A,N/A,N/A,N/A,N/A,N/A,N/A,N/A,N/A,N/A,N/A,N/A,N/A,N/A,N/A,N/A,N/A,N/A,N/A,N/A,N/A,N/A,N/A,N/A,N/A,N/A,54.14,,55.55,,52.81,,56.49,37.24,62.01,52.82,86.60,85.90,87.20,87.10,83.00,88.70,62.30,29.40,30.10,28.80,29.80,19.60,52.60,13.30,Great Recession,18.00,73.00,,0.05,
2007,27.5,25.6,N/A,N/A,N/A,N/A,N/A,N/A,N/A,N/A,N/A,N/A,N/A,N/A,N/A,N/A,N/A,N/A,N/A,N/A,N/A,N/A,N/A,N/A,N/A,N/A,N/A,N/A,N/A,N/A,N/A,N/A,N/A,N/A,N/A,N/A,N/A,N/A,N/A,N/A,N/A,N/A,N/A,N/A,N/A,N/A,N/A,N/A,N/A,N/A,N/A,N/A,N/A,N/A,55.06,,56.48,,53.72,,57.40,38.43,62.63,53.29,85.70,85.00,86.40,86.20,82.30,87.80,60.30,28.70,29.50,28.00,29.10,18.50,52.10,12.70,Great Recession,18.00,73.00,,0.05,
2006,27.5,25.5,N/A,N/A,N/A,N/A,N/A,N/A,N/A,N/A,N/A,N/A,N/A,N/A,N/A,N/A,N/A,N/A,N/A,N/A,N/A,N/A,N/A,N/A,N/A,N/A,N/A,N/A,N/A,N/A,N/A,N/A,N/A,N/A,N/A,N/A,N/A,N/A,N/A,N/A,N/A,N/A,N/A,N/A,N/A,N/A,N/A,N/A,N/A,N/A,N/A,N/A,N/A,N/A,54.84,,56.32,,53.45,,57.37,37.28,61.35,54.21,85.46,85.03,85.86,86.12,80.73,87.40,59.28,27.99,29.17,26.90,28.37,18.46,49.70,12.37,,NA,NA,,,
2005,27.1,25.3,N/A,N/A,N/A,N/A,N/A,N/A,N/A,N/A,N/A,N/A,N/A,N/A,N/A,N/A,N/A,N/A,N/A,N/A,N/A,N/A,N/A,N/A,N/A,N/A,N/A,N/A,N/A,N/A,N/A,N/A,N/A,N/A,N/A,N/A,N/A,N/A,N/A,N/A,N/A,N/A,N/A,N/A,N/A,N/A,N/A,N/A,N/A,N/A,N/A,N/A,N/A,N/A,55.21,1.81,56.67,2.09,53.84,1.56,57.64,37.94,62.39,53.07,85.20,84.90,85.50,85.80,81.10,87.60,58.50,27.70,28.90,26.50,28.10,17.60,50.20,12.00,,NA,NA,,,
2004,27.4,25.3,N/A,N/A,N/A,N/A,N/A,N/A,N/A,N/A,N/A,N/A,N/A,N/A,N/A,N/A,N/A,N/A,N/A,N/A,N/A,N/A,N/A,N/A,N/A,N/A,N/A,N/A,N/A,N/A,N/A,N/A,N/A,N/A,N/A,N/A,N/A,N/A,N/A,N/A,N/A,N/A,N/A,N/A,N/A,N/A,N/A,N/A,N/A,N/A,N/A,N/A,N/A,N/A,55.37,,56.83,,54.00,,57.74,38.21,62.25,53.43,85.20,84.80,85.40,85.80,80.60,86.80,58.40,27.70,29.40,26.10,28.20,17.60,49.40,12.10,,NA,NA,,,
2003,27.1,25.3,N/A,N/A,N/A,N/A,N/A,N/A,N/A,N/A,N/A,N/A,N/A,N/A,N/A,N/A,N/A,N/A,N/A,N/A,N/A,N/A,N/A,N/A,N/A,N/A,N/A,N/A,N/A,N/A,N/A,N/A,N/A,N/A,N/A,N/A,N/A,N/A,N/A,N/A,N/A,N/A,N/A,N/A,N/A,N/A,N/A,N/A,N/A,N/A,N/A,N/A,N/A,N/A,55.56,,57.17,,54.05,,57.94,39.19,60.03,54.63,84.60,84.10,85.00,85.10,80.00,87.60,57.00,27.20,28.90,25.70,27.60,17.30,49.80,11.40,,NA,NA,0.06,,
2002,26.9,25.3,N/A,N/A,N/A,N/A,N/A,N/A,N/A,N/A,N/A,N/A,N/A,N/A,N/A,N/A,N/A,N/A,N/A,N/A,N/A,N/A,N/A,N/A,N/A,N/A,N/A,N/A,N/A,N/A,N/A,N/A,N/A,N/A,N/A,N/A,N/A,N/A,N/A,N/A,N/A,N/A,N/A,N/A,N/A,N/A,N/A,N/A,N/A,N/A,N/A,N/A,N/A,N/A,55.71,,57.36,,54.17,,57.95,39.81,57.95,53.80,84.10,83.80,84.40,84.80,78.70,NA,57.00,26.70,28.50,25.10,27.20,17.00,NA,11.10,,NA,NA,,,
2001,26.9,25.1,N/A,N/A,N/A,N/A,N/A,N/A,N/A,N/A,N/A,N/A,N/A,N/A,N/A,N/A,N/A,N/A,N/A,N/A,N/A,N/A,N/A,N/A,N/A,N/A,N/A,N/A,N/A,N/A,N/A,N/A,N/A,N/A,N/A,N/A,N/A,N/A,N/A,N/A,N/A,N/A,N/A,N/A,N/A,N/A,N/A,N/A,N/A,N/A,N/A,N/A,N/A,N/A,56.20,,57.97,,54.55,,58.39,39.73,60.22,53.61,84.10,84.10,84.20,84.80,78.80,NA,56.80,26.20,28.20,24.30,26.60,15.70,NA,11.10,Early 2000s recession,8.00,120.00,,0.00,
2000,26.8,25.1,N/A,N/A,N/A,N/A,N/A,N/A,N/A,N/A,N/A,N/A,N/A,N/A,N/A,N/A,N/A,N/A,N/A,N/A,N/A,N/A,N/A,N/A,N/A,N/A,N/A,N/A,N/A,N/A,N/A,N/A,N/A,N/A,N/A,N/A,N/A,N/A,N/A,N/A,N/A,N/A,N/A,N/A,N/A,N/A,N/A,N/A,N/A,N/A,N/A,N/A,N/A,N/A,56.23,2.19,57.88,1.77,54.70,2.61,58.68,39.17,58.64,55.88,84.10,84.20,84.00,84.90,78.50,NA,57.00,25.60,27.80,23.60,26.10,16.50,NA,10.60,,NA,NA,,,
1999,26.9,25.1,"$41,994 ","34,135","51,571","40,558","32,182","47,493","47,203","53,935","47,381","40,127","38,819","42,433","49,820","37,572","46,590","41,567","39,469","40,624","33,672","32,566","37,240","52,868","50,502","44,667","47,111","31,330","37,934","33,024","39,250","44,581","49,467","55,146","34,133","43,393","39,184","34,604","40,956","33,400","40,916","40,106","42,090","37,082","35,282","36,360","39,927","45,726","40,856","46,677","45,776","29,696","43,791","37,892",56.24,,57.85,,54.73,,58.81,38.37,57.83,55.35,83.40,83.40,83.40,84.30,77.00,NA,56.10,25.20,27.50,23.10,25.90,15.40,NA,10.90,,NA,NA,,,
1998,26.7,25,N/A,N/A,N/A,N/A,N/A,N/A,N/A,N/A,N/A,N/A,N/A,N/A,N/A,N/A,N/A,N/A,N/A,N/A,N/A,N/A,N/A,N/A,N/A,N/A,N/A,N/A,N/A,N/A,N/A,N/A,N/A,N/A,N/A,N/A,N/A,N/A,N/A,N/A,N/A,N/A,N/A,N/A,N/A,N/A,N/A,N/A,N/A,N/A,N/A,N/A,N/A,N/A,56.36,,57.98,,54.85,,58.79,38.64,60.31,54.65,82.80,82.80,82.90,83.70,76.00,NA,55.50,24.40,26.50,22.40,25.00,14.70,NA,11.00,,NA,NA,,,
1997,26.8,25,N/A,N/A,N/A,N/A,N/A,N/A,N/A,N/A,N/A,N/A,N/A,N/A,N/A,N/A,N/A,N/A,N/A,N/A,N/A,N/A,N/A,N/A,N/A,N/A,N/A,N/A,N/A,N/A,N/A,N/A,N/A,N/A,N/A,N/A,N/A,N/A,N/A,N/A,N/A,N/A,N/A,N/A,N/A,N/A,N/A,N/A,N/A,N/A,N/A,N/A,N/A,N/A,56.34,,57.83,,54.94,,58.77,39.31,58.44,53.79,82.10,82.00,82.20,83.00,74.90,NA,54.70,23.90,26.20,21.70,24.60,13.30,NA,10.30,,NA,NA,,,
1996,27.1,24.8,N/A,N/A,N/A,N/A,N/A,N/A,N/A,N/A,N/A,N/A,N/A,N/A,N/A,N/A,N/A,N/A,N/A,N/A,N/A,N/A,N/A,N/A,N/A,N/A,N/A,N/A,N/A,N/A,N/A,N/A,N/A,N/A,N/A,N/A,N/A,N/A,N/A,N/A,N/A,N/A,N/A,N/A,N/A,N/A,N/A,N/A,N/A,N/A,N/A,N/A,N/A,N/A,56.96,,58.48,,55.55,,59.60,39.08,57.11,54.08,81.70,81.90,81.60,82.80,74.30,NA,53.10,23.60,26.00,21.40,24.30,13.60,NA,9.30,,NA,NA,,,
1995,26.9,24.5,N/A,N/A,N/A,N/A,N/A,N/A,N/A,N/A,N/A,N/A,N/A,N/A,N/A,N/A,N/A,N/A,N/A,N/A,N/A,N/A,N/A,N/A,N/A,N/A,N/A,N/A,N/A,N/A,N/A,N/A,N/A,N/A,N/A,N/A,N/A,N/A,N/A,N/A,N/A,N/A,N/A,N/A,N/A,N/A,N/A,N/A,N/A,N/A,N/A,N/A,N/A,N/A,57.49,2.10,58.92,2.96,56.16,1.28,60.01,40.02,60.86,55.21,81.70,81.70,81.60,83.00,73.80,NA,53.40,23.00,26.00,20.20,24.00,13.20,NA,9.30,,NA,NA,,,
1994,26.7,24.5,N/A,N/A,N/A,N/A,N/A,N/A,N/A,N/A,N/A,N/A,N/A,N/A,N/A,N/A,N/A,N/A,N/A,N/A,N/A,N/A,N/A,N/A,N/A,N/A,N/A,N/A,N/A,N/A,N/A,N/A,N/A,N/A,N/A,N/A,N/A,N/A,N/A,N/A,N/A,N/A,N/A,N/A,N/A,N/A,N/A,N/A,N/A,N/A,N/A,N/A,N/A,N/A,57.40,,58.97,,55.93,,59.83,39.76,61.22,54.23,80.90,81.00,80.70,82.00,72.90,NA,53.30,22.20,25.10,19.60,22.90,12.90,NA,9.10,,NA,NA,,,
1993,26.5,24.5,N/A,N/A,N/A,N/A,N/A,N/A,N/A,N/A,N/A,N/A,N/A,N/A,N/A,N/A,N/A,N/A,N/A,N/A,N/A,N/A,N/A,N/A,N/A,N/A,N/A,N/A,N/A,N/A,N/A,N/A,N/A,N/A,N/A,N/A,N/A,N/A,N/A,N/A,N/A,N/A,N/A,N/A,N/A,N/A,N/A,N/A,N/A,N/A,N/A,N/A,N/A,N/A,58.10,,59.92,,56.41,,60.54,40.33,59.90,54.94,80.20,80.50,80.00,81.50,70.40,NA,53.10,21.90,24.80,19.20,22.60,12.20,NA,9.00,,NA,NA,,,
1992,26.5,24.4,N/A,N/A,N/A,N/A,N/A,N/A,N/A,N/A,N/A,N/A,N/A,N/A,N/A,N/A,N/A,N/A,N/A,N/A,N/A,N/A,N/A,N/A,N/A,N/A,N/A,N/A,N/A,N/A,N/A,N/A,N/A,N/A,N/A,N/A,N/A,N/A,N/A,N/A,N/A,N/A,N/A,N/A,N/A,N/A,N/A,N/A,N/A,N/A,N/A,N/A,N/A,N/A,N/A,,N/A,,N/A,,N/A,N/A,N/A,N/A,79.40,79.70,79.20,80.90,67.70,NA,52.60,21.40,24.30,18.60,22.10,11.90,NA,9.30,,NA,NA,0.08,,
1991,26.3,24.1,N/A,N/A,N/A,N/A,N/A,N/A,N/A,N/A,N/A,N/A,N/A,N/A,N/A,N/A,N/A,N/A,N/A,N/A,N/A,N/A,N/A,N/A,N/A,N/A,N/A,N/A,N/A,N/A,N/A,N/A,N/A,N/A,N/A,N/A,N/A,N/A,N/A,N/A,N/A,N/A,N/A,N/A,N/A,N/A,N/A,N/A,N/A,N/A,N/A,N/A,N/A,N/A,N/A,,N/A,,N/A,,N/A,N/A,N/A,N/A,78.40,78.50,78.30,79.90,66.70,NA,51.30,21.40,24.30,18.80,22.20,11.50,NA,9.70,Early 1990s recession in the United States,8.00,92.00,,0.01,
1990,26.1,23.9,N/A,N/A,N/A,N/A,N/A,N/A,N/A,N/A,N/A,N/A,N/A,N/A,N/A,N/A,N/A,N/A,N/A,N/A,N/A,N/A,N/A,N/A,N/A,N/A,N/A,N/A,N/A,N/A,N/A,N/A,N/A,N/A,N/A,N/A,N/A,N/A,N/A,N/A,N/A,N/A,N/A,N/A,N/A,N/A,N/A,N/A,N/A,N/A,N/A,N/A,N/A,N/A,58.72,,60.72,,56.89,,60.90,42.45,61.68,57.54,77.60,77.70,77.50,79.10,66.20,NA,50.80,21.30,24.40,18.40,22.00,11.30,NA,9.20,Early 1990s recession in the United States,8.00,92.00,,0.01,
1989,26.2,23.8,"$39,213 ","30,786","54,023","35,930","27,589","46,704","39,322","54,431","45,500","40,088","35,856","37,862","50,658","32,952","42,078","37,570","34,220","35,605","29,399","28,636","36,340","51,385","48,209","40,470","40,325","26,270","34,393","29,991","33,942","40,458","47,397","53,395","31,425","43,008","34,765","30,285","37,451","30,760","35,552","37,925","41,985","34,255","29,359","32,364","35,246","38,448","38,868","43,481","40,683","27,130","38,412","35,351",N/A,,N/A,,N/A,,N/A,N/A,N/A,N/A,76.90,77.20,76.60,78.40,64.60,NA,50.90,21.10,24.50,18.10,21.80,11.80,NA,9.90,,NA,NA,,,
1988,25.9,23.6,N/A,N/A,N/A,N/A,N/A,N/A,N/A,N/A,N/A,N/A,N/A,N/A,N/A,N/A,N/A,N/A,N/A,N/A,N/A,N/A,N/A,N/A,N/A,N/A,N/A,N/A,N/A,N/A,N/A,N/A,N/A,N/A,N/A,N/A,N/A,N/A,N/A,N/A,N/A,N/A,N/A,N/A,N/A,N/A,N/A,N/A,N/A,N/A,N/A,N/A,N/A,N/A,N/A,,N/A,,N/A,,N/A,N/A,N/A,N/A,76.20,76.40,76.00,77.70,63.50,NA,51.00,20.30,24.00,17.00,20.90,11.20,NA,10.10,,NA,NA,,,
1987,25.8,23.6,N/A,N/A,N/A,N/A,N/A,N/A,N/A,N/A,N/A,N/A,N/A,N/A,N/A,N/A,N/A,N/A,N/A,N/A,N/A,N/A,N/A,N/A,N/A,N/A,N/A,N/A,N/A,N/A,N/A,N/A,N/A,N/A,N/A,N/A,N/A,N/A,N/A,N/A,N/A,N/A,N/A,N/A,N/A,N/A,N/A,N/A,N/A,N/A,N/A,N/A,N/A,N/A,N/A,,N/A,,N/A,,N/A,N/A,N/A,N/A,75.60,76.00,75.30,77.00,63.40,NA,50.90,19.90,23.60,16.50,20.50,10.70,NA,8.60,,NA,NA,,,
1986,25.7,23.1,N/A,N/A,N/A,N/A,N/A,N/A,N/A,N/A,N/A,N/A,N/A,N/A,N/A,N/A,N/A,N/A,N/A,N/A,N/A,N/A,N/A,N/A,N/A,N/A,N/A,N/A,N/A,N/A,N/A,N/A,N/A,N/A,N/A,N/A,N/A,N/A,N/A,N/A,N/A,N/A,N/A,N/A,N/A,N/A,N/A,N/A,N/A,N/A,N/A,N/A,N/A,N/A,N/A,,N/A,,N/A,,N/A,N/A,N/A,N/A,74.70,75.10,74.40,76.20,62.30,NA,48.50,19.40,23.20,16.10,20.10,10.90,NA,8.40,,NA,NA,,,
1985,25.5,23.3,N/A,N/A,N/A,N/A,N/A,N/A,N/A,N/A,N/A,N/A,N/A,N/A,N/A,N/A,N/A,N/A,N/A,N/A,N/A,N/A,N/A,N/A,N/A,N/A,N/A,N/A,N/A,N/A,N/A,N/A,N/A,N/A,N/A,N/A,N/A,N/A,N/A,N/A,N/A,N/A,N/A,N/A,N/A,N/A,N/A,N/A,N/A,N/A,N/A,N/A,N/A,N/A,N/A,,N/A,,N/A,,N/A,N/A,N/A,N/A,73.90,74.40,73.50,75.50,59.80,NA,47.90,19.40,23.10,16.00,20.00,11.10,NA,8.50,,NA,NA,,,
1984,25.4,23,N/A,N/A,N/A,N/A,N/A,N/A,N/A,N/A,N/A,N/A,N/A,N/A,N/A,N/A,N/A,N/A,N/A,N/A,N/A,N/A,N/A,N/A,N/A,N/A,N/A,N/A,N/A,N/A,N/A,N/A,N/A,N/A,N/A,N/A,N/A,N/A,N/A,N/A,N/A,N/A,N/A,N/A,N/A,N/A,N/A,N/A,N/A,N/A,N/A,N/A,N/A,N/A,N/A,,N/A,,N/A,,N/A,N/A,N/A,N/A,73.30,73.70,73.00,75.00,58.50,NA,47.10,19.10,22.90,15.70,19.80,10.40,NA,8.20,,NA,NA,,,
1983,25.4,22.8,N/A,N/A,N/A,N/A,N/A,N/A,N/A,N/A,N/A,N/A,N/A,N/A,N/A,N/A,N/A,N/A,N/A,N/A,N/A,N/A,N/A,N/A,N/A,N/A,N/A,N/A,N/A,N/A,N/A,N/A,N/A,N/A,N/A,N/A,N/A,N/A,N/A,N/A,N/A,N/A,N/A,N/A,N/A,N/A,N/A,N/A,N/A,N/A,N/A,N/A,N/A,N/A,N/A,,N/A,,N/A,,N/A,N/A,N/A,N/A,72.10,72.70,71.50,73.80,56.80,NA,46.20,18.80,23.00,15.10,19.50,9.50,NA,7.90,,NA,NA,,,
1982,25.2,22.5,N/A,N/A,N/A,N/A,N/A,N/A,N/A,N/A,N/A,N/A,N/A,N/A,N/A,N/A,N/A,N/A,N/A,N/A,N/A,N/A,N/A,N/A,N/A,N/A,N/A,N/A,N/A,N/A,N/A,N/A,N/A,N/A,N/A,N/A,N/A,N/A,N/A,N/A,N/A,N/A,N/A,N/A,N/A,N/A,N/A,N/A,N/A,N/A,N/A,N/A,N/A,N/A,N/A,,N/A,,N/A,,N/A,N/A,N/A,N/A,71.00,71.70,70.30,72.80,54.90,NA,45.90,17.70,21.90,14.00,18.50,8.80,NA,7.80,1981-1982 recession,16.00,12.00,0.11,0.03,
1981,24.8,22.3,N/A,N/A,N/A,N/A,N/A,N/A,N/A,N/A,N/A,N/A,N/A,N/A,N/A,N/A,N/A,N/A,N/A,N/A,N/A,N/A,N/A,N/A,N/A,N/A,N/A,N/A,N/A,N/A,N/A,N/A,N/A,N/A,N/A,N/A,N/A,N/A,N/A,N/A,N/A,N/A,N/A,N/A,N/A,N/A,N/A,N/A,N/A,N/A,N/A,N/A,N/A,N/A,N/A,,N/A,,N/A,,N/A,N/A,N/A,N/A,69.70,70.30,69.10,71.60,52.90,NA,44.50,17.10,21.10,13.40,17.80,8.20,NA,7.70,1981-1982 recession,16.00,12.00,,0.03,
1980,24.7,22,N/A,N/A,N/A,N/A,N/A,N/A,N/A,N/A,N/A,N/A,N/A,N/A,N/A,N/A,N/A,N/A,N/A,N/A,N/A,N/A,N/A,N/A,N/A,N/A,N/A,N/A,N/A,N/A,N/A,N/A,N/A,N/A,N/A,N/A,N/A,N/A,N/A,N/A,N/A,N/A,N/A,N/A,N/A,N/A,N/A,N/A,N/A,N/A,N/A,N/A,N/A,N/A,60.97,,63.23,,58.91,,62.76,46.53,N/A,N/A,68.60,69.20,68.10,70.50,51.20,NA,45.30,17.00,20.90,13.60,17.80,7.90,NA,7.90,1980 recession,6.00,58.00,0.08,0.02,
1979,24.4,22.1,"$36,029 ","29,243","54,369","35,188","26,130","39,028","38,628","42,952","38,179","34,681","31,395","32,161","43,799","32,700","41,334","37,614","35,939","35,004","29,876","32,576","29,557","43,388","37,599","41,125","37,997","25,878","33,333","32,989","34,069","38,960","36,397","42,359","31,350","35,614","30,980","32,717","37,982","31,555","35,898","36,112","34,437","31,472","28,145","30,255","35,744","37,804","31,641","37,385","39,293","31,158","37,824","42,774",N/A,,N/A,,N/A,,N/A,N/A,N/A,N/A,67.70,68.40,67.10,69.70,49.40,NA,42.00,16.40,20.40,12.90,17.20,7.90,NA,6.70,,NA,NA,,,
1978,24.2,21.8,N/A,N/A,N/A,N/A,N/A,N/A,N/A,N/A,N/A,N/A,N/A,N/A,N/A,N/A,N/A,N/A,N/A,N/A,N/A,N/A,N/A,N/A,N/A,N/A,N/A,N/A,N/A,N/A,N/A,N/A,N/A,N/A,N/A,N/A,N/A,N/A,N/A,N/A,N/A,N/A,N/A,N/A,N/A,N/A,N/A,N/A,N/A,N/A,N/A,N/A,N/A,N/A,N/A,,N/A,,N/A,,N/A,N/A,N/A,N/A,65.90,66.80,65.20,67.90,47.60,NA,40.80,15.70,19.70,12.20,16.40,7.20,NA,7.00,,NA,NA,,,
1977,24,21.6,N/A,N/A,N/A,N/A,N/A,N/A,N/A,N/A,N/A,N/A,N/A,N/A,N/A,N/A,N/A,N/A,N/A,N/A,N/A,N/A,N/A,N/A,N/A,N/A,N/A,N/A,N/A,N/A,N/A,N/A,N/A,N/A,N/A,N/A,N/A,N/A,N/A,N/A,N/A,N/A,N/A,N/A,N/A,N/A,N/A,N/A,N/A,N/A,N/A,N/A,N/A,N/A,N/A,,N/A,,N/A,,N/A,N/A,N/A,N/A,64.90,65.60,64.40,67.00,45.50,NA,39.60,15.40,19.20,12.00,16.10,7.20,NA,6.20,,NA,NA,,,
1976,23.8,21.3,N/A,N/A,N/A,N/A,N/A,N/A,N/A,N/A,N/A,N/A,N/A,N/A,N/A,N/A,N/A,N/A,N/A,N/A,N/A,N/A,N/A,N/A,N/A,N/A,N/A,N/A,N/A,N/A,N/A,N/A,N/A,N/A,N/A,N/A,N/A,N/A,N/A,N/A,N/A,N/A,N/A,N/A,N/A,N/A,N/A,N/A,N/A,N/A,N/A,N/A,N/A,N/A,N/A,,N/A,,N/A,,N/A,N/A,N/A,N/A,64.10,64.70,63.50,66.10,43.80,NA,39.30,14.70,18.60,11.30,15.40,6.60,NA,6.10,,NA,NA,,,
1975,23.5,21.1,N/A,N/A,N/A,N/A,N/A,N/A,N/A,N/A,N/A,N/A,N/A,N/A,N/A,N/A,N/A,N/A,N/A,N/A,N/A,N/A,N/A,N/A,N/A,N/A,N/A,N/A,N/A,N/A,N/A,N/A,N/A,N/A,N/A,N/A,N/A,N/A,N/A,N/A,N/A,N/A,N/A,N/A,N/A,N/A,N/A,N/A,N/A,N/A,N/A,N/A,N/A,N/A,N/A,,N/A,,N/A,,N/A,N/A,N/A,N/A,62.50,63.10,62.10,64.50,42.50,NA,37.90,13.90,17.60,10.60,14.50,6.40,NA,6.30,1973-75 recession,16.00,36.00,0.09,0.03,
1974,23.1,21.1,N/A,N/A,N/A,N/A,N/A,N/A,N/A,N/A,N/A,N/A,N/A,N/A,N/A,N/A,N/A,N/A,N/A,N/A,N/A,N/A,N/A,N/A,N/A,N/A,N/A,N/A,N/A,N/A,N/A,N/A,N/A,N/A,N/A,N/A,N/A,N/A,N/A,N/A,N/A,N/A,N/A,N/A,N/A,N/A,N/A,N/A,N/A,N/A,N/A,N/A,N/A,N/A,N/A,,N/A,,N/A,,N/A,N/A,N/A,N/A,61.20,61.60,60.90,63.30,40.80,NA,36.50,13.30,16.90,10.10,14.00,5.50,NA,5.50,1973-75 recession,16.00,36.00,,0.03,
1973,23.2,21,N/A,N/A,N/A,N/A,N/A,N/A,N/A,N/A,N/A,N/A,N/A,N/A,N/A,N/A,N/A,N/A,N/A,N/A,N/A,N/A,N/A,N/A,N/A,N/A,N/A,N/A,N/A,N/A,N/A,N/A,N/A,N/A,N/A,N/A,N/A,N/A,N/A,N/A,N/A,N/A,N/A,N/A,N/A,N/A,N/A,N/A,N/A,N/A,N/A,N/A,N/A,N/A,N/A,,N/A,,N/A,,N/A,N/A,N/A,N/A,59.80,60.00,59.60,61.90,39.20,NA,NA,12.60,16.00,9.60,13.10,6.00,NA,NA,1973-75 recession,16.00,36.00,,0.03,
1972,23.3,20.9,N/A,N/A,N/A,N/A,N/A,N/A,N/A,N/A,N/A,N/A,N/A,N/A,N/A,N/A,N/A,N/A,N/A,N/A,N/A,N/A,N/A,N/A,N/A,N/A,N/A,N/A,N/A,N/A,N/A,N/A,N/A,N/A,N/A,N/A,N/A,N/A,N/A,N/A,N/A,N/A,N/A,N/A,N/A,N/A,N/A,N/A,N/A,N/A,N/A,N/A,N/A,N/A,N/A,,N/A,,N/A,,N/A,N/A,N/A,N/A,58.20,58.20,58.20,60.40,36.60,NA,NA,12.00,15.40,9.00,12.60,5.10,NA,NA,,NA,NA,,,
1971,23.1,20.9,N/A,N/A,N/A,N/A,N/A,N/A,N/A,N/A,N/A,N/A,N/A,N/A,N/A,N/A,N/A,N/A,N/A,N/A,N/A,N/A,N/A,N/A,N/A,N/A,N/A,N/A,N/A,N/A,N/A,N/A,N/A,N/A,N/A,N/A,N/A,N/A,N/A,N/A,N/A,N/A,N/A,N/A,N/A,N/A,N/A,N/A,N/A,N/A,N/A,N/A,N/A,N/A,N/A,,N/A,,N/A,,N/A,N/A,N/A,N/A,56.40,56.30,56.60,58.60,34.70,NA,NA,11.40,14.60,8.50,12.00,4.50,NA,NA,,NA,NA,,,
1970,23.2,20.8,N/A,N/A,N/A,N/A,N/A,N/A,N/A,N/A,N/A,N/A,N/A,N/A,N/A,N/A,N/A,N/A,N/A,N/A,N/A,N/A,N/A,N/A,N/A,N/A,N/A,N/A,N/A,N/A,N/A,N/A,N/A,N/A,N/A,N/A,N/A,N/A,N/A,N/A,N/A,N/A,N/A,N/A,N/A,N/A,N/A,N/A,N/A,N/A,N/A,N/A,N/A,N/A,64.22,,66.77,,61.91,,65.29,55.39,N/A,N/A,55.20,55.00,55.40,57.40,33.70,NA,NA,11.00,14.10,8.20,11.60,4.50,NA,NA,Recession of 1969-70,11.00,106.00,0.06,0.01,
1969,23.2,20.8,"$33,249 ","25,151","46,301","32,125","20,986","36,447","33,002","42,618","36,474","32,454","28,085","28,783","41,826","29,316","38,029","34,954","30,875","29,692","25,613","25,617","28,661","39,577","37,469","39,170","34,295","20,457","30,060","29,135","29,096","37,242","33,900","40,635","27,803","36,313","27,525","27,070","36,356","25,844","32,505","33,492","33,763","26,780","25,272","25,981","29,535","33,234","31,192","32,493","35,753","25,417","35,251","31,482",N/A,,N/A,,N/A,,N/A,N/A,N/A,N/A,54.00,53.60,54.40,56.30,32.30,NA,NA,10.70,13.60,8.10,11.20,4.60,NA,NA,Recession of 1969-70,11.00,106.00,,0.01,
1968,23.1,20.8,N/A,N/A,N/A,N/A,N/A,N/A,N/A,N/A,N/A,N/A,N/A,N/A,N/A,N/A,N/A,N/A,N/A,N/A,N/A,N/A,N/A,N/A,N/A,N/A,N/A,N/A,N/A,N/A,N/A,N/A,N/A,N/A,N/A,N/A,N/A,N/A,N/A,N/A,N/A,N/A,N/A,N/A,N/A,N/A,N/A,N/A,N/A,N/A,N/A,N/A,N/A,N/A,N/A,,N/A,,N/A,,N/A,N/A,N/A,N/A,52.60,52.00,53.20,54.90,30.10,NA,NA,10.50,13.30,8.00,11.00,4.30,NA,NA,,NA,NA,,,
1967,23.1,20.6,N/A,N/A,N/A,N/A,N/A,N/A,N/A,N/A,N/A,N/A,N/A,N/A,N/A,N/A,N/A,N/A,N/A,N/A,N/A,N/A,N/A,N/A,N/A,N/A,N/A,N/A,N/A,N/A,N/A,N/A,N/A,N/A,N/A,N/A,N/A,N/A,N/A,N/A,N/A,N/A,N/A,N/A,N/A,N/A,N/A,N/A,N/A,N/A,N/A,N/A,N/A,N/A,N/A,,N/A,,N/A,,N/A,N/A,N/A,N/A,51.10,50.50,51.70,53.40,29.50,NA,NA,10.10,12.80,7.60,10.60,4.00,NA,NA,,NA,NA,,,
1966,22.8,20.5,N/A,N/A,N/A,N/A,N/A,N/A,N/A,N/A,N/A,N/A,N/A,N/A,N/A,N/A,N/A,N/A,N/A,N/A,N/A,N/A,N/A,N/A,N/A,N/A,N/A,N/A,N/A,N/A,N/A,N/A,N/A,N/A,N/A,N/A,N/A,N/A,N/A,N/A,N/A,N/A,N/A,N/A,N/A,N/A,N/A,N/A,N/A,N/A,N/A,N/A,N/A,N/A,N/A,,N/A,,N/A,,N/A,N/A,N/A,N/A,49.90,49.00,50.80,52.20,27.80,NA,NA,9.80,12.50,7.40,10.40,3.80,NA,NA,,NA,NA,,,
1965,22.8,20.6,N/A,N/A,N/A,N/A,N/A,N/A,N/A,N/A,N/A,N/A,N/A,N/A,N/A,N/A,N/A,N/A,N/A,N/A,N/A,N/A,N/A,N/A,N/A,N/A,N/A,N/A,N/A,N/A,N/A,N/A,N/A,N/A,N/A,N/A,N/A,N/A,N/A,N/A,N/A,N/A,N/A,N/A,N/A,N/A,N/A,N/A,N/A,N/A,N/A,N/A,N/A,N/A,N/A,,N/A,,N/A,,N/A,N/A,N/A,N/A,49.00,48.00,49.90,51.30,27.20,NA,NA,9.40,12.00,7.10,9.90,4.70,NA,NA,,NA,NA,,,